date,region,resource_type,usage_cpu,usage_storage,users_active,economic_index,cloud_market_demand,holiday
2023-01-01,East US,VM,67,1066,414,96.16,1.15,1
2023-01-02,East US,VM,85,1932,457,109.44,1.18,0
2023-01-03,East US,VM,99,852,435,95.46,1.01,0
2023-01-04,East US,VM,99,1299,470,104.12,1.11,0
2023-01-05,East US,VM,99,1431,330,112.2,1.07,0
2023-01-06,East US,VM,99,1200,213,111.17,0.92,0
2023-01-07,East US,VM,90,1990,463,95.69,1.16,1
2023-01-08,East US,VM,75,1625,253,105.93,0.87,1
2023-01-09,East US,VM,74,1055,414,105.42,1.18,0
2023-01-10,East US,VM,73,1478,252,106.74,1.19,0
2023-01-11,East US,VM,71,1780,214,98.31,0.81,0
2023-01-12,East US,VM,60,1247,262,111.31,1.08,0
2023-01-13,East US,VM,65,830,240,113.3,1.14,0
2023-01-14,East US,VM,59,1102,261,101.5,1.09,1
2023-01-15,East US,VM,60,1560,426,97.39,1.09,1
2023-01-16,East US,VM,81,1366,482,105.45,0.97,0
2023-01-17,East US,VM,94,1163,295,108.91,0.86,0
2023-01-18,East US,VM,99,1140,235,113.86,1.04,0
2023-01-19,East US,VM,99,1281,244,100.91,0.84,0
2023-01-20,East US,VM,99,1963,485,112.67,0.93,0
2023-01-21,East US,VM,89,789,424,100.44,1.06,1
2023-01-22,East US,VM,77,1248,364,108.85,0.91,1
2023-01-23,East US,VM,71,1856,379,102.27,1.19,0
2023-01-24,East US,VM,65,1551,280,100.34,1.19,0
2023-01-25,East US,VM,60,1848,325,97.9,1.0,0
2023-01-26,East US,VM,61,722,454,111.06,0.99,0
2023-01-27,East US,VM,63,1351,343,111.71,0.93,0
2023-01-28,East US,VM,63,1002,346,101.97,0.84,1
2023-01-29,East US,VM,66,1150,328,108.51,1.09,1
2023-01-30,East US,VM,71,1921,298,99.57,0.87,0
2023-01-31,East US,VM,88,1480,201,114.93,1.19,0
2023-02-01,East US,VM,99,1614,208,100.58,1.08,0
2023-02-02,East US,VM,99,653,319,112.76,1.14,0
2023-02-03,East US,VM,99,1735,298,114.47,0.91,0
2023-02-04,East US,VM,94,1786,407,114.89,0.87,1
2023-02-05,East US,VM,94,1415,334,109.42,0.92,1
2023-02-06,East US,VM,99,1069,221,99.88,1.19,0
2023-02-07,East US,VM,99,1906,226,110.9,1.0,0
2023-02-08,East US,VM,99,1052,346,106.44,1.11,0
2023-02-09,East US,VM,94,1117,298,109.95,1.18,0
2023-02-10,East US,VM,79,1206,298,114.61,0.83,0
2023-02-11,East US,VM,61,1784,455,104.71,0.95,1
2023-02-12,East US,VM,50,1946,373,96.94,1.05,1
2023-02-13,East US,VM,51,1384,303,108.94,1.08,0
2023-02-14,East US,VM,51,1358,225,111.2,1.15,0
2023-02-15,East US,VM,64,635,372,98.89,0.83,0
2023-02-16,East US,VM,76,1070,342,102.51,0.84,0
2023-02-17,East US,VM,91,1174,389,100.73,1.04,0
2023-02-18,East US,VM,99,1043,300,105.44,1.11,1
2023-02-19,East US,VM,95,1819,461,96.03,1.01,1
2023-02-20,East US,VM,99,1255,468,114.39,1.09,0
2023-02-21,East US,VM,99,1681,428,98.69,0.83,0
2023-02-22,East US,VM,97,1681,321,98.13,0.9,0
2023-02-23,East US,VM,97,1087,436,100.6,1.18,0
2023-02-24,East US,VM,99,1389,446,95.95,1.03,0
2023-02-25,East US,VM,82,1670,293,112.11,1.08,1
2023-02-26,East US,VM,69,1031,238,101.93,0.99,1
2023-02-27,East US,VM,70,1723,489,100.22,0.81,0
2023-02-28,East US,VM,78,1615,203,107.32,1.18,0
2023-03-01,East US,VM,91,1289,362,107.87,0.98,0
2023-03-02,East US,VM,99,1791,242,98.92,0.83,0
2023-03-03,East US,VM,99,1448,289,101.38,1.14,0
2023-03-04,East US,VM,99,1698,416,111.07,0.91,1
2023-03-05,East US,VM,98,791,426,114.81,0.97,1
2023-03-06,East US,VM,99,1262,389,106.24,0.9,0
2023-03-07,East US,VM,99,1466,485,113.05,1.0,0
2023-03-08,East US,VM,99,1298,218,102.78,0.8,0
2023-03-09,East US,VM,95,1450,343,103.97,0.92,0
2023-03-10,East US,VM,85,1774,343,110.79,0.84,0
2023-03-11,East US,VM,70,1846,321,103.83,1.16,1
2023-03-12,East US,VM,55,1187,208,110.23,1.05,1
2023-03-13,East US,VM,57,1545,482,109.12,0.83,0
2023-03-14,East US,VM,54,1099,344,113.94,1.19,0
2023-03-15,East US,VM,70,1044,381,109.1,0.9,0
2023-03-16,East US,VM,73,772,340,103.1,1.03,0
2023-03-17,East US,VM,92,1494,200,108.62,0.9,0
2023-03-18,East US,VM,84,1423,316,114.26,0.8,1
2023-03-19,East US,VM,92,802,451,96.48,1.02,1
2023-03-20,East US,VM,99,1856,213,100.89,1.2,0
2023-03-21,East US,VM,99,1070,211,114.17,0.82,0
2023-03-22,East US,VM,98,972,207,98.39,1.06,0
2023-03-23,East US,VM,91,1139,419,102.21,0.9,0
2023-03-24,East US,VM,86,1824,411,107.06,0.91,0
2023-03-25,East US,VM,74,1308,209,113.65,1.15,1
2023-03-26,East US,VM,60,823,438,98.01,1.04,1
2023-03-27,East US,VM,60,1394,376,111.77,0.99,0
2023-03-28,East US,VM,61,1422,205,108.83,1.01,0
2023-03-29,East US,VM,72,1646,252,113.9,1.14,0
2023-03-30,East US,VM,77,600,250,100.49,0.88,0
2023-03-31,East US,VM,94,633,294,97.27,1.07,0
2023-01-01,East US,Storage,77,867,253,114.36,0.84,1
2023-01-02,East US,Storage,97,1366,406,110.69,1.06,0
2023-01-03,East US,Storage,99,1929,297,107.73,1.02,0
2023-01-04,East US,Storage,99,848,365,104.02,1.16,0
2023-01-05,East US,Storage,99,680,332,110.93,0.98,0
2023-01-06,East US,Storage,99,1583,268,114.6,1.0,0
2023-01-07,East US,Storage,87,710,448,104.2,1.03,1
2023-01-08,East US,Storage,74,1499,383,103.23,1.15,1
2023-01-09,East US,Storage,72,660,321,99.48,1.13,0
2023-01-10,East US,Storage,60,1133,200,105.69,0.94,0
2023-01-11,East US,Storage,50,1393,448,104.62,1.08,0
2023-01-12,East US,Storage,50,647,260,95.05,1.15,0
2023-01-13,East US,Storage,50,1318,326,113.48,0.89,0
2023-01-14,East US,Storage,53,964,353,95.73,0.9,1
2023-01-15,East US,Storage,54,1349,438,95.61,1.15,1
2023-01-16,East US,Storage,58,1815,318,102.55,0.81,0
2023-01-17,East US,Storage,69,725,499,99.66,0.94,0
2023-01-18,East US,Storage,80,832,308,104.59,1.03,0
2023-01-19,East US,Storage,99,1992,435,97.55,0.91,0
2023-01-20,East US,Storage,99,914,428,113.67,0.8,0
2023-01-21,East US,Storage,87,1223,203,112.02,0.84,1
2023-01-22,East US,Storage,79,1245,317,100.16,0.87,1
2023-01-23,East US,Storage,77,1446,402,106.43,0.91,0
2023-01-24,East US,Storage,75,1741,474,98.99,1.09,0
2023-01-25,East US,Storage,72,1253,237,106.62,0.86,0
2023-01-26,East US,Storage,63,1501,377,104.09,1.02,0
2023-01-27,East US,Storage,64,1791,329,96.76,0.86,0
2023-01-28,East US,Storage,57,1718,268,111.61,1.19,1
2023-01-29,East US,Storage,54,1760,275,102.58,1.17,1
2023-01-30,East US,Storage,69,1852,469,110.99,1.13,0
2023-01-31,East US,Storage,80,677,261,102.18,1.15,0
2023-02-01,East US,Storage,88,1918,303,102.54,0.99,0
2023-02-02,East US,Storage,97,742,352,102.11,0.96,0
2023-02-03,East US,Storage,99,703,238,97.34,1.18,0
2023-02-04,East US,Storage,99,1638,310,107.4,1.01,1
2023-02-05,East US,Storage,99,1149,296,109.14,1.11,1
2023-02-06,East US,Storage,99,1116,322,110.09,0.84,0
2023-02-07,East US,Storage,99,815,383,105.05,1.02,0
2023-02-08,East US,Storage,96,729,294,106.97,1.03,0
2023-02-09,East US,Storage,99,610,453,113.17,1.03,0
2023-02-10,East US,Storage,82,901,417,106.72,1.0,0
2023-02-11,East US,Storage,67,1427,370,113.64,1.03,1
2023-02-12,East US,Storage,56,726,305,110.42,0.95,1
2023-02-13,East US,Storage,53,1019,381,111.75,0.93,0
2023-02-14,East US,Storage,54,1260,336,99.11,1.12,0
2023-02-15,East US,Storage,64,843,224,112.27,1.17,0
2023-02-16,East US,Storage,63,946,216,106.74,0.81,0
2023-02-17,East US,Storage,79,624,379,103.38,1.17,0
2023-02-18,East US,Storage,75,1261,353,95.26,1.07,1
2023-02-19,East US,Storage,72,1075,262,114.94,1.0,1
2023-02-20,East US,Storage,82,814,410,101.99,0.99,0
2023-02-21,East US,Storage,93,1767,218,96.31,1.11,0
2023-02-22,East US,Storage,81,1587,312,103.02,1.02,0
2023-02-23,East US,Storage,77,1524,254,113.92,0.95,0
2023-02-24,East US,Storage,66,686,254,98.12,1.09,0
2023-02-25,East US,Storage,51,1358,454,95.39,0.84,1
2023-02-26,East US,Storage,50,1606,463,96.99,0.9,1
2023-02-27,East US,Storage,53,1090,364,97.82,0.96,0
2023-02-28,East US,Storage,56,929,462,109.72,1.14,0
2023-03-01,East US,Storage,71,1414,396,101.84,0.9,0
2023-03-02,East US,Storage,76,995,219,107.48,0.96,0
2023-03-03,East US,Storage,98,1539,479,97.28,1.03,0
2023-03-04,East US,Storage,99,1335,408,104.7,1.0,1
2023-03-05,East US,Storage,99,1904,400,97.79,1.13,1
2023-03-06,East US,Storage,99,1732,297,100.45,0.81,0
2023-03-07,East US,Storage,99,1640,364,108.03,1.13,0
2023-03-08,East US,Storage,99,867,436,108.3,0.87,0
2023-03-09,East US,Storage,99,1301,321,103.44,0.94,0
2023-03-10,East US,Storage,93,628,348,111.74,0.97,0
2023-03-11,East US,Storage,80,1343,426,113.99,0.96,1
2023-03-12,East US,Storage,66,1350,347,98.24,1.14,1
2023-03-13,East US,Storage,62,672,400,102.03,0.97,0
2023-03-14,East US,Storage,75,624,238,96.52,0.83,0
2023-03-15,East US,Storage,82,1416,216,114.0,0.98,0
2023-03-16,East US,Storage,88,815,463,107.78,1.1,0
2023-03-17,East US,Storage,99,1823,224,113.07,1.06,0
2023-03-18,East US,Storage,99,646,487,109.11,1.17,1
2023-03-19,East US,Storage,95,849,469,97.41,1.09,1
2023-03-20,East US,Storage,99,1426,414,110.91,1.1,0
2023-03-21,East US,Storage,99,1214,472,108.0,0.95,0
2023-03-22,East US,Storage,99,730,492,105.61,0.98,0
2023-03-23,East US,Storage,87,1096,203,110.81,0.93,0
2023-03-24,East US,Storage,84,1731,426,112.4,0.81,0
2023-03-25,East US,Storage,75,1662,228,110.34,0.96,1
2023-03-26,East US,Storage,61,1862,465,96.83,0.93,1
2023-03-27,East US,Storage,63,602,341,100.94,1.14,0
2023-03-28,East US,Storage,77,1031,392,113.21,0.82,0
2023-03-29,East US,Storage,82,1563,339,114.13,1.12,0
2023-03-30,East US,Storage,87,1406,210,113.07,1.2,0
2023-03-31,East US,Storage,99,1933,442,105.25,0.89,0
2023-01-01,East US,Container,59,858,461,111.02,1.05,1
2023-01-02,East US,Container,65,1643,440,98.48,0.96,0
2023-01-03,East US,Container,85,815,202,111.32,0.89,0
2023-01-04,East US,Container,92,928,267,106.6,0.84,0
2023-01-05,East US,Container,99,1587,228,112.77,1.18,0
2023-01-06,East US,Container,99,639,224,106.02,0.83,0
2023-01-07,East US,Container,86,927,450,109.47,1.0,1
2023-01-08,East US,Container,78,1192,313,104.9,0.99,1
2023-01-09,East US,Container,77,1663,239,106.31,0.91,0
2023-01-10,East US,Container,74,1791,291,112.01,1.15,0
2023-01-11,East US,Container,72,1968,380,108.6,1.05,0
2023-01-12,East US,Container,72,1156,448,95.58,1.13,0
2023-01-13,East US,Container,68,681,457,111.64,1.0,0
2023-01-14,East US,Container,63,616,422,102.53,0.8,1
2023-01-15,East US,Container,64,1066,273,103.64,1.14,1
2023-01-16,East US,Container,74,636,477,113.74,1.08,0
2023-01-17,East US,Container,86,1640,211,96.35,1.03,0
2023-01-18,East US,Container,94,809,469,114.47,1.19,0
2023-01-19,East US,Container,99,980,206,96.31,1.13,0
2023-01-20,East US,Container,99,1058,257,95.02,0.86,0
2023-01-21,East US,Container,94,1722,238,105.54,1.13,1
2023-01-22,East US,Container,82,1573,283,108.09,0.91,1
2023-01-23,East US,Container,79,1468,283,102.95,0.91,0
2023-01-24,East US,Container,76,1533,214,109.92,0.88,0
2023-01-25,East US,Container,75,1894,407,105.86,0.86,0
2023-01-26,East US,Container,66,798,380,113.24,1.19,0
2023-01-27,East US,Container,60,1333,405,106.97,1.04,0
2023-01-28,East US,Container,50,1616,413,106.64,0.91,1
2023-01-29,East US,Container,54,1320,271,104.29,1.07,1
2023-01-30,East US,Container,66,765,231,108.14,1.1,0
2023-01-31,East US,Container,86,1000,275,114.73,0.86,0
2023-02-01,East US,Container,96,1272,401,110.52,1.18,0
2023-02-02,East US,Container,99,1188,315,102.16,0.93,0
2023-02-03,East US,Container,99,705,322,95.63,1.17,0
2023-02-04,East US,Container,99,1993,403,112.42,1.09,1
2023-02-05,East US,Container,99,850,206,108.22,1.02,1
2023-02-06,East US,Container,99,1494,202,95.82,0.87,0
2023-02-07,East US,Container,99,1635,286,108.01,0.99,0
2023-02-08,East US,Container,99,1349,372,98.64,1.12,0
2023-02-09,East US,Container,99,1513,410,99.57,1.2,0
2023-02-10,East US,Container,94,1354,234,99.41,0.97,0
2023-02-11,East US,Container,78,1461,412,109.54,1.1,1
2023-02-12,East US,Container,60,1987,219,105.1,1.02,1
2023-02-13,East US,Container,64,1873,316,102.91,1.04,0
2023-02-14,East US,Container,71,894,442,106.85,1.16,0
2023-02-15,East US,Container,75,620,424,97.63,1.09,0
2023-02-16,East US,Container,86,1604,240,99.94,1.15,0
2023-02-17,East US,Container,87,1707,329,96.91,1.06,0
2023-02-18,East US,Container,83,1786,428,95.18,1.04,1
2023-02-19,East US,Container,93,1518,486,99.72,0.83,1
2023-02-20,East US,Container,96,1443,456,103.99,1.04,0
2023-02-21,East US,Container,93,1730,374,108.28,0.99,0
2023-02-22,East US,Container,96,755,406,106.16,1.02,0
2023-02-23,East US,Container,91,881,484,107.8,0.89,0
2023-02-24,East US,Container,81,1635,475,114.73,1.19,0
2023-02-25,East US,Container,69,1846,383,105.31,1.0,1
2023-02-26,East US,Container,58,983,325,101.16,1.08,1
2023-02-27,East US,Container,53,1964,328,109.62,0.86,0
2023-02-28,East US,Container,53,1742,417,102.49,0.81,0
2023-03-01,East US,Container,60,902,431,110.37,0.85,0
2023-03-02,East US,Container,74,1676,268,106.54,0.94,0
2023-03-03,East US,Container,83,1174,272,112.33,1.2,0
2023-03-04,East US,Container,89,1782,297,103.08,0.93,1
2023-03-05,East US,Container,95,996,478,103.71,1.13,1
2023-03-06,East US,Container,99,1324,342,107.6,1.04,0
2023-03-07,East US,Container,99,1204,423,102.47,0.89,0
2023-03-08,East US,Container,96,1573,464,102.6,1.15,0
2023-03-09,East US,Container,99,1228,420,101.82,0.95,0
2023-03-10,East US,Container,85,1923,427,107.16,1.11,0
2023-03-11,East US,Container,75,1490,220,98.92,0.8,1
2023-03-12,East US,Container,64,1392,491,113.54,0.82,1
2023-03-13,East US,Container,67,1957,251,108.4,1.17,0
2023-03-14,East US,Container,79,705,357,109.32,0.91,0
2023-03-15,East US,Container,86,1886,307,98.63,1.01,0
2023-03-16,East US,Container,99,1044,497,113.36,0.97,0
2023-03-17,East US,Container,99,1158,340,107.03,1.13,0
2023-03-18,East US,Container,99,1120,470,107.22,0.96,1
2023-03-19,East US,Container,97,1916,267,100.5,1.13,1
2023-03-20,East US,Container,99,745,363,97.99,0.97,0
2023-03-21,East US,Container,99,1731,425,104.46,1.01,0
2023-03-22,East US,Container,94,1018,359,107.76,0.9,0
2023-03-23,East US,Container,92,1520,457,100.49,1.04,0
2023-03-24,East US,Container,96,1236,366,109.49,0.81,0
2023-03-25,East US,Container,80,1841,301,106.57,0.91,1
2023-03-26,East US,Container,63,1024,395,103.85,1.13,1
2023-03-27,East US,Container,64,759,348,100.42,1.04,0
2023-03-28,East US,Container,72,657,458,98.81,0.82,0
2023-03-29,East US,Container,74,953,485,101.67,1.03,0
2023-03-30,East US,Container,91,910,407,103.19,0.97,0
2023-03-31,East US,Container,99,1902,314,98.05,1.2,0
2023-01-01,West US,VM,79,748,283,107.47,0.84,1
2023-01-02,West US,VM,93,1383,237,98.19,0.83,0
2023-01-03,West US,VM,99,1348,265,102.62,0.94,0
2023-01-04,West US,VM,99,1434,379,100.59,1.18,0
2023-01-05,West US,VM,99,1939,300,102.82,1.0,0
2023-01-06,West US,VM,97,1781,415,105.65,1.09,0
2023-01-07,West US,VM,89,672,362,98.47,1.08,1
2023-01-08,West US,VM,80,865,224,106.5,0.99,1
2023-01-09,West US,VM,70,1432,309,112.97,1.13,0
2023-01-10,West US,VM,64,1501,224,108.33,0.85,0
2023-01-11,West US,VM,50,1702,267,96.6,1.11,0
2023-01-12,West US,VM,50,1142,219,103.79,0.84,0
2023-01-13,West US,VM,53,853,329,108.0,0.86,0
2023-01-14,West US,VM,50,1289,452,107.39,0.92,1
2023-01-15,West US,VM,50,748,355,101.07,0.84,1
2023-01-16,West US,VM,63,1883,459,114.93,1.13,0
2023-01-17,West US,VM,82,1419,323,111.96,1.09,0
2023-01-18,West US,VM,99,1367,206,105.51,0.99,0
2023-01-19,West US,VM,99,1109,382,103.32,0.99,0
2023-01-20,West US,VM,99,1500,264,101.47,1.13,0
2023-01-21,West US,VM,95,772,359,104.76,0.84,1
2023-01-22,West US,VM,95,907,455,96.96,1.0,1
2023-01-23,West US,VM,88,1193,431,111.21,1.05,0
2023-01-24,West US,VM,88,1153,312,114.11,1.11,0
2023-01-25,West US,VM,78,1171,247,100.09,1.14,0
2023-01-26,West US,VM,74,1401,463,112.9,1.05,0
2023-01-27,West US,VM,75,1455,372,98.0,1.09,0
2023-01-28,West US,VM,72,1444,399,96.7,1.09,1
2023-01-29,West US,VM,77,965,427,101.99,1.11,1
2023-01-30,West US,VM,92,1041,460,105.99,1.13,0
2023-01-31,West US,VM,99,1591,419,112.98,1.11,0
2023-02-01,West US,VM,99,768,416,105.61,0.82,0
2023-02-02,West US,VM,99,950,487,107.33,0.86,0
2023-02-03,West US,VM,99,1087,323,102.77,0.87,0
2023-02-04,West US,VM,99,1795,487,104.92,0.81,1
2023-02-05,West US,VM,99,1379,432,105.88,1.05,1
2023-02-06,West US,VM,99,1262,435,96.08,0.93,0
2023-02-07,West US,VM,99,1459,484,109.56,0.84,0
2023-02-08,West US,VM,99,687,243,109.66,1.02,0
2023-02-09,West US,VM,99,1302,317,106.3,1.08,0
2023-02-10,West US,VM,98,1751,428,98.2,0.98,0
2023-02-11,West US,VM,79,1473,209,109.85,1.13,1
2023-02-12,West US,VM,72,711,212,105.77,1.01,1
2023-02-13,West US,VM,74,1635,408,95.22,1.1,0
2023-02-14,West US,VM,85,1614,269,112.53,1.2,0
2023-02-15,West US,VM,83,1643,223,99.34,0.86,0
2023-02-16,West US,VM,94,1540,219,103.05,1.15,0
2023-02-17,West US,VM,99,935,385,106.23,1.02,0
2023-02-18,West US,VM,99,1193,358,95.46,0.93,1
2023-02-19,West US,VM,99,1263,308,109.92,1.19,1
2023-02-20,West US,VM,99,618,372,97.95,0.93,0
2023-02-21,West US,VM,99,1736,450,111.03,1.11,0
2023-02-22,West US,VM,99,760,397,107.72,1.11,0
2023-02-23,West US,VM,91,677,323,102.68,1.03,0
2023-02-24,West US,VM,87,737,249,98.31,1.08,0
2023-02-25,West US,VM,82,1309,250,113.81,0.9,1
2023-02-26,West US,VM,68,1972,248,103.7,1.17,1
2023-02-27,West US,VM,77,1237,430,113.08,1.16,0
2023-02-28,West US,VM,76,1584,235,95.27,0.91,0
2023-03-01,West US,VM,81,869,319,114.5,0.95,0
2023-03-02,West US,VM,93,1181,243,98.13,1.14,0
2023-03-03,West US,VM,99,1474,220,105.65,0.96,0
2023-03-04,West US,VM,99,1271,447,105.97,0.85,1
2023-03-05,West US,VM,99,1091,341,109.62,1.19,1
2023-03-06,West US,VM,99,1583,360,98.02,0.89,0
2023-03-07,West US,VM,99,1614,488,105.47,0.85,0
2023-03-08,West US,VM,99,1022,285,105.98,1.05,0
2023-03-09,West US,VM,94,1441,204,113.91,1.14,0
2023-03-10,West US,VM,99,1034,324,109.99,0.92,0
2023-03-11,West US,VM,85,1170,337,114.56,1.12,1
2023-03-12,West US,VM,71,876,219,105.9,1.1,1
2023-03-13,West US,VM,67,1227,291,100.11,1.18,0
2023-03-14,West US,VM,75,1480,265,96.3,0.99,0
2023-03-15,West US,VM,89,1611,426,97.11,1.06,0
2023-03-16,West US,VM,99,1308,466,99.08,1.01,0
2023-03-17,West US,VM,99,763,284,101.25,1.06,0
2023-03-18,West US,VM,99,1891,462,107.27,0.95,1
2023-03-19,West US,VM,99,1614,207,112.88,1.06,1
2023-03-20,West US,VM,99,1565,445,112.14,0.85,0
2023-03-21,West US,VM,99,1752,262,104.71,0.85,0
2023-03-22,West US,VM,99,1523,301,114.6,1.06,0
2023-03-23,West US,VM,92,730,395,109.39,1.16,0
2023-03-24,West US,VM,86,1300,464,111.38,1.02,0
2023-03-25,West US,VM,76,1542,412,100.09,1.13,1
2023-03-26,West US,VM,68,1900,355,111.52,0.84,1
2023-03-27,West US,VM,67,640,274,108.02,1.05,0
2023-03-28,West US,VM,70,1461,470,100.08,0.81,0
2023-03-29,West US,VM,81,1082,447,96.39,0.87,0
2023-03-30,West US,VM,96,1567,446,100.59,1.06,0
2023-03-31,West US,VM,99,742,390,96.37,1.11,0
2023-01-01,West US,Storage,68,1150,451,108.3,0.9,1
2023-01-02,West US,Storage,84,1006,290,102.8,0.95,0
2023-01-03,West US,Storage,92,1301,234,103.26,1.12,0
2023-01-04,West US,Storage,99,1023,469,113.36,0.91,0
2023-01-05,West US,Storage,99,1546,474,111.1,0.81,0
2023-01-06,West US,Storage,99,1386,319,109.07,1.02,0
2023-01-07,West US,Storage,92,919,360,104.38,0.92,1
2023-01-08,West US,Storage,85,933,421,106.98,0.83,1
2023-01-09,West US,Storage,76,1750,454,96.58,0.9,0
2023-01-10,West US,Storage,77,1948,475,99.4,1.0,0
2023-01-11,West US,Storage,81,1947,234,111.59,1.15,0
2023-01-12,West US,Storage,92,931,275,104.29,0.86,0
2023-01-13,West US,Storage,89,1005,431,113.96,0.98,0
2023-01-14,West US,Storage,91,947,227,99.68,1.11,1
2023-01-15,West US,Storage,81,1984,456,100.38,0.96,1
2023-01-16,West US,Storage,92,882,335,99.78,0.99,0
2023-01-17,West US,Storage,93,1466,341,107.22,0.91,0
2023-01-18,West US,Storage,99,1597,248,95.15,0.89,0
2023-01-19,West US,Storage,99,1303,305,100.87,1.17,0
2023-01-20,West US,Storage,99,1152,216,97.28,0.94,0
2023-01-21,West US,Storage,94,996,391,109.05,1.2,1
2023-01-22,West US,Storage,81,600,367,103.44,0.96,1
2023-01-23,West US,Storage,81,1891,439,100.93,1.09,0
2023-01-24,West US,Storage,80,1449,345,97.29,0.95,0
2023-01-25,West US,Storage,70,1011,283,113.01,0.96,0
2023-01-26,West US,Storage,64,1558,484,108.57,0.94,0
2023-01-27,West US,Storage,65,809,250,113.27,1.05,0
2023-01-28,West US,Storage,63,1266,316,113.05,0.83,1
2023-01-29,West US,Storage,62,1704,467,100.9,0.99,1
2023-01-30,West US,Storage,75,1836,261,106.17,0.94,0
2023-01-31,West US,Storage,97,876,306,103.6,1.07,0
2023-02-01,West US,Storage,99,1653,387,99.53,0.95,0
2023-02-02,West US,Storage,99,1664,262,96.98,1.16,0
2023-02-03,West US,Storage,99,1278,489,98.34,0.97,0
2023-02-04,West US,Storage,99,1825,325,106.92,0.84,1
2023-02-05,West US,Storage,99,1827,230,108.77,0.86,1
2023-02-06,West US,Storage,99,1042,266,114.28,0.95,0
2023-02-07,West US,Storage,99,861,324,104.17,0.92,0
2023-02-08,West US,Storage,99,1710,333,107.06,1.13,0
2023-02-09,West US,Storage,98,708,423,101.81,1.02,0
2023-02-10,West US,Storage,87,1273,241,111.54,1.08,0
2023-02-11,West US,Storage,66,982,220,114.33,1.02,1
2023-02-12,West US,Storage,50,1903,324,103.88,1.05,1
2023-02-13,West US,Storage,50,872,298,112.61,1.05,0
2023-02-14,West US,Storage,61,764,207,95.79,0.99,0
2023-02-15,West US,Storage,71,663,290,113.19,1.09,0
2023-02-16,West US,Storage,85,994,204,110.88,0.91,0
2023-02-17,West US,Storage,94,1927,307,104.67,1.15,0
2023-02-18,West US,Storage,99,1725,274,99.06,1.1,1
2023-02-19,West US,Storage,89,1360,441,109.51,1.16,1
2023-02-20,West US,Storage,89,1371,362,99.01,0.84,0
2023-02-21,West US,Storage,99,1480,424,112.86,0.82,0
2023-02-22,West US,Storage,99,1636,388,113.53,0.81,0
2023-02-23,West US,Storage,95,1282,253,105.54,1.05,0
2023-02-24,West US,Storage,94,1295,485,114.15,0.8,0
2023-02-25,West US,Storage,83,1246,266,109.76,1.13,1
2023-02-26,West US,Storage,72,1247,387,108.17,1.11,1
2023-02-27,West US,Storage,78,1727,222,104.75,0.83,0
2023-02-28,West US,Storage,74,1981,274,101.98,0.84,0
2023-03-01,West US,Storage,84,1535,344,105.01,1.12,0
2023-03-02,West US,Storage,97,1049,212,108.34,0.88,0
2023-03-03,West US,Storage,99,1838,319,103.1,1.16,0
2023-03-04,West US,Storage,93,920,432,99.39,0.81,1
2023-03-05,West US,Storage,89,1904,413,98.76,1.09,1
2023-03-06,West US,Storage,99,1259,359,105.53,0.99,0
2023-03-07,West US,Storage,98,1446,221,106.27,0.85,0
2023-03-08,West US,Storage,99,1635,318,98.17,1.15,0
2023-03-09,West US,Storage,99,1472,403,103.05,0.84,0
2023-03-10,West US,Storage,91,1719,413,109.14,0.83,0
2023-03-11,West US,Storage,72,1780,355,97.04,0.94,1
2023-03-12,West US,Storage,57,1027,299,113.14,1.18,1
2023-03-13,West US,Storage,51,1290,385,95.85,1.03,0
2023-03-14,West US,Storage,58,834,212,98.66,0.91,0
2023-03-15,West US,Storage,63,1392,293,100.38,0.99,0
2023-03-16,West US,Storage,71,1470,227,112.32,0.99,0
2023-03-17,West US,Storage,82,826,435,95.06,1.14,0
2023-03-18,West US,Storage,80,1723,230,109.39,0.95,1
2023-03-19,West US,Storage,86,1723,308,110.08,0.81,1
2023-03-20,West US,Storage,95,873,202,101.31,1.06,0
2023-03-21,West US,Storage,97,1688,220,100.75,0.95,0
2023-03-22,West US,Storage,98,652,273,95.29,0.95,0
2023-03-23,West US,Storage,90,986,310,101.6,1.16,0
2023-03-24,West US,Storage,81,1008,427,95.83,0.96,0
2023-03-25,West US,Storage,74,1383,374,99.4,0.85,1
2023-03-26,West US,Storage,66,774,421,102.35,0.87,1
2023-03-27,West US,Storage,62,1264,232,109.78,0.89,0
2023-03-28,West US,Storage,78,1319,242,108.26,1.02,0
2023-03-29,West US,Storage,91,759,463,110.66,1.11,0
2023-03-30,West US,Storage,98,1243,303,96.31,0.89,0
2023-03-31,West US,Storage,99,1702,323,104.48,0.82,0
2023-01-01,West US,Container,79,1766,487,96.51,0.95,1
2023-01-02,West US,Container,89,961,225,111.94,0.93,0
2023-01-03,West US,Container,99,1462,248,113.95,0.93,0
2023-01-04,West US,Container,99,758,373,96.24,0.86,0
2023-01-05,West US,Container,99,1545,425,99.84,1.0,0
2023-01-06,West US,Container,99,1917,261,111.14,0.98,0
2023-01-07,West US,Container,99,602,205,103.91,0.88,1
2023-01-08,West US,Container,92,871,267,114.03,1.2,1
2023-01-09,West US,Container,91,873,218,98.52,0.89,0
2023-01-10,West US,Container,90,724,472,114.2,1.01,0
2023-01-11,West US,Container,79,1975,293,107.81,1.07,0
2023-01-12,West US,Container,70,692,285,107.06,1.13,0
2023-01-13,West US,Container,77,1779,454,107.69,0.89,0
2023-01-14,West US,Container,70,1055,290,100.08,0.9,1
2023-01-15,West US,Container,69,1796,209,113.03,0.86,1
2023-01-16,West US,Container,76,926,440,107.71,0.84,0
2023-01-17,West US,Container,88,1640,473,114.85,0.95,0
2023-01-18,West US,Container,99,1560,313,113.04,1.15,0
2023-01-19,West US,Container,99,1816,477,112.34,0.91,0
2023-01-20,West US,Container,99,1250,348,105.33,1.1,0
2023-01-21,West US,Container,86,1926,353,112.85,0.97,1
2023-01-22,West US,Container,85,1353,315,99.09,0.9,1
2023-01-23,West US,Container,74,1523,470,112.59,0.98,0
2023-01-24,West US,Container,75,1627,489,112.52,1.02,0
2023-01-25,West US,Container,62,1180,453,105.93,1.01,0
2023-01-26,West US,Container,59,1949,337,99.01,0.88,0
2023-01-27,West US,Container,59,983,378,96.04,0.88,0
2023-01-28,West US,Container,50,1019,438,103.32,1.1,1
2023-01-29,West US,Container,51,1468,224,100.06,0.91,1
2023-01-30,West US,Container,59,1670,427,114.7,1.1,0
2023-01-31,West US,Container,66,1352,471,96.57,1.02,0
2023-02-01,West US,Container,78,1366,453,106.68,1.18,0
2023-02-02,West US,Container,94,752,322,110.18,0.84,0
2023-02-03,West US,Container,99,1704,287,98.18,0.87,0
2023-02-04,West US,Container,99,1362,368,98.9,0.94,1
2023-02-05,West US,Container,99,1699,374,103.71,1.02,1
2023-02-06,West US,Container,98,1723,231,102.74,1.16,0
2023-02-07,West US,Container,99,1893,361,103.75,0.89,0
2023-02-08,West US,Container,99,1488,367,96.03,1.0,0
2023-02-09,West US,Container,98,1124,439,111.0,1.02,0
2023-02-10,West US,Container,91,1712,347,108.54,1.05,0
2023-02-11,West US,Container,74,912,206,101.26,1.17,1
2023-02-12,West US,Container,64,1747,312,95.4,0.96,1
2023-02-13,West US,Container,58,1501,296,103.61,1.15,0
2023-02-14,West US,Container,66,1656,249,103.66,1.07,0
2023-02-15,West US,Container,74,1158,366,113.89,1.06,0
2023-02-16,West US,Container,95,814,327,110.02,0.84,0
2023-02-17,West US,Container,99,1313,256,95.23,0.98,0
2023-02-18,West US,Container,99,1280,281,109.09,0.97,1
2023-02-19,West US,Container,92,1618,465,105.34,1.1,1
2023-02-20,West US,Container,99,765,221,97.88,1.04,0
2023-02-21,West US,Container,99,747,307,104.16,0.84,0
2023-02-22,West US,Container,99,1517,333,100.02,1.07,0
2023-02-23,West US,Container,99,1344,299,99.99,0.8,0
2023-02-24,West US,Container,90,1938,349,113.78,0.8,0
2023-02-25,West US,Container,82,1013,224,96.01,1.05,1
2023-02-26,West US,Container,69,1760,363,113.79,0.89,1
2023-02-27,West US,Container,77,1527,487,99.29,1.07,0
2023-02-28,West US,Container,83,1289,443,109.97,1.17,0
2023-03-01,West US,Container,89,978,272,103.77,1.2,0
2023-03-02,West US,Container,94,1664,369,109.02,0.88,0
2023-03-03,West US,Container,99,1734,246,95.59,0.94,0
2023-03-04,West US,Container,99,1545,360,108.46,0.83,1
2023-03-05,West US,Container,99,918,276,110.74,0.96,1
2023-03-06,West US,Container,99,1202,437,100.83,1.11,0
2023-03-07,West US,Container,99,894,483,113.31,1.14,0
2023-03-08,West US,Container,98,722,387,111.67,1.0,0
2023-03-09,West US,Container,96,1958,291,103.39,1.0,0
2023-03-10,West US,Container,98,1828,459,106.8,0.96,0
2023-03-11,West US,Container,83,1587,406,100.62,1.09,1
2023-03-12,West US,Container,69,1661,332,110.73,1.18,1
2023-03-13,West US,Container,75,902,283,103.92,1.12,0
2023-03-14,West US,Container,71,876,260,102.08,1.13,0
2023-03-15,West US,Container,85,1143,254,114.06,0.93,0
2023-03-16,West US,Container,87,1406,296,101.37,1.16,0
2023-03-17,West US,Container,91,860,286,111.76,1.14,0
2023-03-18,West US,Container,99,1325,484,104.18,0.96,1
2023-03-19,West US,Container,99,1668,446,95.04,1.09,1
2023-03-20,West US,Container,99,1261,445,96.67,0.81,0
2023-03-21,West US,Container,97,1619,314,99.45,1.01,0
2023-03-22,West US,Container,99,846,246,102.82,0.89,0
2023-03-23,West US,Container,99,1798,488,103.58,1.02,0
2023-03-24,West US,Container,99,1048,340,112.41,1.05,0
2023-03-25,West US,Container,84,844,494,97.86,1.08,1
2023-03-26,West US,Container,64,904,206,110.46,1.18,1
2023-03-27,West US,Container,72,770,224,108.46,0.96,0
2023-03-28,West US,Container,78,1393,343,95.2,1.09,0
2023-03-29,West US,Container,89,1104,285,111.87,0.99,0
2023-03-30,West US,Container,99,1317,346,112.1,1.15,0
2023-03-31,West US,Container,99,1141,256,111.07,1.16,0
2023-01-01,North Europe,VM,52,891,419,105.91,1.19,1
2023-01-02,North Europe,VM,51,934,219,114.94,1.02,0
2023-01-03,North Europe,VM,62,805,239,96.37,0.95,0
2023-01-04,North Europe,VM,76,1745,306,113.59,0.95,0
2023-01-05,North Europe,VM,90,1504,358,111.09,1.11,0
2023-01-06,North Europe,VM,99,1759,400,106.67,1.11,0
2023-01-07,North Europe,VM,97,1937,408,95.29,0.88,1
2023-01-08,North Europe,VM,95,1715,464,101.94,0.96,1
2023-01-09,North Europe,VM,88,1590,476,108.08,1.16,0
2023-01-10,North Europe,VM,90,1537,369,103.3,1.09,0
2023-01-11,North Europe,VM,77,1663,436,99.3,0.97,0
2023-01-12,North Europe,VM,79,1830,280,106.69,0.85,0
2023-01-13,North Europe,VM,68,1941,423,103.62,1.02,0
2023-01-14,North Europe,VM,67,1845,260,101.49,0.91,1
2023-01-15,North Europe,VM,62,1522,477,96.26,1.11,1
2023-01-16,North Europe,VM,81,1486,403,98.01,0.89,0
2023-01-17,North Europe,VM,94,1492,295,99.87,1.02,0
2023-01-18,North Europe,VM,99,1501,416,112.96,1.16,0
2023-01-19,North Europe,VM,99,703,276,111.51,1.14,0
2023-01-20,North Europe,VM,99,1287,226,114.98,0.93,0
2023-01-21,North Europe,VM,97,1057,362,106.42,0.92,1
2023-01-22,North Europe,VM,87,1058,386,111.98,0.96,1
2023-01-23,North Europe,VM,90,806,455,107.39,1.03,0
2023-01-24,North Europe,VM,87,737,224,96.39,1.06,0
2023-01-25,North Europe,VM,89,1172,352,99.58,1.04,0
2023-01-26,North Europe,VM,75,1938,250,103.86,1.0,0
2023-01-27,North Europe,VM,82,1637,402,113.98,1.13,0
2023-01-28,North Europe,VM,75,1487,274,98.35,1.0,1
2023-01-29,North Europe,VM,81,1600,381,100.51,0.86,1
2023-01-30,North Europe,VM,99,1215,413,106.59,0.98,0
2023-01-31,North Europe,VM,99,1919,317,108.71,1.16,0
2023-02-01,North Europe,VM,99,612,492,111.68,1.06,0
2023-02-02,North Europe,VM,99,1475,498,96.04,0.81,0
2023-02-03,North Europe,VM,99,1239,315,99.93,1.08,0
2023-02-04,North Europe,VM,99,1554,438,108.67,0.95,1
2023-02-05,North Europe,VM,99,1696,378,95.6,1.16,1
2023-02-06,North Europe,VM,99,1887,406,111.95,0.82,0
2023-02-07,North Europe,VM,99,1891,472,112.05,1.18,0
2023-02-08,North Europe,VM,95,1694,257,99.59,0.99,0
2023-02-09,North Europe,VM,91,1163,470,97.95,1.19,0
2023-02-10,North Europe,VM,83,959,309,107.61,0.89,0
2023-02-11,North Europe,VM,61,1636,235,99.21,1.12,1
2023-02-12,North Europe,VM,50,982,477,104.69,0.92,1
2023-02-13,North Europe,VM,52,1052,391,106.61,1.0,0
2023-02-14,North Europe,VM,52,1735,344,103.83,1.19,0
2023-02-15,North Europe,VM,59,780,383,102.28,0.88,0
2023-02-16,North Europe,VM,62,1571,305,101.28,1.02,0
2023-02-17,North Europe,VM,81,1580,281,104.42,1.06,0
2023-02-18,North Europe,VM,89,1043,448,112.2,0.96,1
2023-02-19,North Europe,VM,82,944,423,97.52,0.88,1
2023-02-20,North Europe,VM,99,869,294,103.06,1.19,0
2023-02-21,North Europe,VM,99,1810,390,106.42,0.87,0
2023-02-22,North Europe,VM,95,1860,445,111.51,0.91,0
2023-02-23,North Europe,VM,93,1829,231,110.95,0.95,0
2023-02-24,North Europe,VM,84,948,454,101.75,1.2,0
2023-02-25,North Europe,VM,82,982,212,107.47,1.04,1
2023-02-26,North Europe,VM,66,936,472,100.88,0.89,1
2023-02-27,North Europe,VM,68,1734,386,106.8,0.8,0
2023-02-28,North Europe,VM,79,1486,201,110.21,1.01,0
2023-03-01,North Europe,VM,89,1097,420,109.16,0.99,0
2023-03-02,North Europe,VM,99,1448,315,108.4,0.99,0
2023-03-03,North Europe,VM,99,983,379,100.57,1.14,0
2023-03-04,North Europe,VM,99,1888,487,95.99,1.09,1
2023-03-05,North Europe,VM,97,671,354,98.47,0.95,1
2023-03-06,North Europe,VM,99,738,302,97.51,1.11,0
2023-03-07,North Europe,VM,98,1023,255,102.75,0.83,0
2023-03-08,North Europe,VM,99,826,338,100.85,0.93,0
2023-03-09,North Europe,VM,99,1629,346,98.85,0.92,0
2023-03-10,North Europe,VM,99,1867,267,102.01,1.17,0
2023-03-11,North Europe,VM,73,1911,304,101.94,0.97,1
2023-03-12,North Europe,VM,65,1395,409,114.83,1.02,1
2023-03-13,North Europe,VM,63,1522,336,99.8,1.08,0
2023-03-14,North Europe,VM,62,1348,224,113.26,0.88,0
2023-03-15,North Europe,VM,75,1983,209,98.54,0.92,0
2023-03-16,North Europe,VM,95,704,380,99.99,1.09,0
2023-03-17,North Europe,VM,99,739,331,101.28,1.08,0
2023-03-18,North Europe,VM,99,1269,348,103.6,1.13,1
2023-03-19,North Europe,VM,99,1483,493,108.64,1.18,1
2023-03-20,North Europe,VM,99,1648,476,106.67,0.96,0
2023-03-21,North Europe,VM,99,1987,290,113.63,1.13,0
2023-03-22,North Europe,VM,99,1865,337,101.54,0.8,0
2023-03-23,North Europe,VM,98,604,436,96.51,0.94,0
2023-03-24,North Europe,VM,90,1820,272,112.91,1.11,0
2023-03-25,North Europe,VM,83,707,289,110.79,1.1,1
2023-03-26,North Europe,VM,71,1331,293,100.19,1.19,1
2023-03-27,North Europe,VM,67,1870,230,96.06,1.08,0
2023-03-28,North Europe,VM,70,710,448,106.55,0.94,0
2023-03-29,North Europe,VM,81,1277,298,102.02,0.95,0
2023-03-30,North Europe,VM,99,1201,340,96.69,0.99,0
2023-03-31,North Europe,VM,99,965,213,102.62,1.12,0
2023-01-01,North Europe,Storage,64,1868,362,95.34,1.07,1
2023-01-02,North Europe,Storage,73,625,204,101.24,0.9,0
2023-01-03,North Europe,Storage,96,1384,448,109.3,0.83,0
2023-01-04,North Europe,Storage,99,618,262,113.77,1.06,0
2023-01-05,North Europe,Storage,99,721,243,111.29,1.04,0
2023-01-06,North Europe,Storage,99,1688,487,110.0,1.01,0
2023-01-07,North Europe,Storage,94,1062,438,100.76,1.02,1
2023-01-08,North Europe,Storage,82,836,393,106.14,0.89,1
2023-01-09,North Europe,Storage,80,800,244,111.73,0.82,0
2023-01-10,North Europe,Storage,71,1748,485,110.05,1.01,0
2023-01-11,North Europe,Storage,75,1171,297,111.49,0.86,0
2023-01-12,North Europe,Storage,78,1093,307,102.58,1.17,0
2023-01-13,North Europe,Storage,77,1207,428,113.03,0.89,0
2023-01-14,North Europe,Storage,77,1729,338,109.26,1.08,1
2023-01-15,North Europe,Storage,72,1578,413,111.41,0.98,1
2023-01-16,North Europe,Storage,80,1358,466,104.09,1.11,0
2023-01-17,North Europe,Storage,87,850,432,98.96,0.83,0
2023-01-18,North Europe,Storage,99,1483,455,113.34,1.11,0
2023-01-19,North Europe,Storage,99,1094,224,110.94,1.09,0
2023-01-20,North Europe,Storage,99,1238,224,108.23,1.04,0
2023-01-21,North Europe,Storage,90,1004,413,114.49,0.85,1
2023-01-22,North Europe,Storage,79,1443,320,103.39,0.82,1
2023-01-23,North Europe,Storage,74,1082,386,106.67,0.8,0
2023-01-24,North Europe,Storage,74,903,497,106.77,0.96,0
2023-01-25,North Europe,Storage,71,1426,482,106.32,1.1,0
2023-01-26,North Europe,Storage,63,1174,211,103.21,0.87,0
2023-01-27,North Europe,Storage,58,1580,207,113.61,0.84,0
2023-01-28,North Europe,Storage,50,675,300,96.67,0.88,1
2023-01-29,North Europe,Storage,50,794,427,108.88,1.02,1
2023-01-30,North Europe,Storage,59,764,226,113.22,1.02,0
2023-01-31,North Europe,Storage,80,1517,423,108.59,0.82,0
2023-02-01,North Europe,Storage,87,1070,233,98.87,1.06,0
2023-02-02,North Europe,Storage,98,1990,430,97.22,1.06,0
2023-02-03,North Europe,Storage,99,747,208,105.91,0.84,0
2023-02-04,North Europe,Storage,99,877,499,96.62,1.2,1
2023-02-05,North Europe,Storage,99,1812,294,104.35,1.05,1
2023-02-06,North Europe,Storage,98,915,472,105.01,1.06,0
2023-02-07,North Europe,Storage,99,1711,328,97.58,0.84,0
2023-02-08,North Europe,Storage,99,1507,294,104.42,1.0,0
2023-02-09,North Europe,Storage,90,1804,305,110.83,1.04,0
2023-02-10,North Europe,Storage,85,1919,370,114.28,0.85,0
2023-02-11,North Europe,Storage,68,1719,465,108.85,0.89,1
2023-02-12,North Europe,Storage,60,1153,445,97.62,1.04,1
2023-02-13,North Europe,Storage,66,1945,211,101.64,0.99,0
2023-02-14,North Europe,Storage,80,1522,358,111.11,0.96,0
2023-02-15,North Europe,Storage,96,1963,324,95.49,0.95,0
2023-02-16,North Europe,Storage,99,1273,327,112.26,0.86,0
2023-02-17,North Europe,Storage,99,1979,416,101.16,1.14,0
2023-02-18,North Europe,Storage,99,1262,322,96.63,1.17,1
2023-02-19,North Europe,Storage,99,1309,286,106.13,0.94,1
2023-02-20,North Europe,Storage,99,971,303,100.77,0.92,0
2023-02-21,North Europe,Storage,94,1733,389,105.81,1.14,0
2023-02-22,North Europe,Storage,98,1824,484,96.7,1.02,0
2023-02-23,North Europe,Storage,88,1107,418,99.81,0.84,0
2023-02-24,North Europe,Storage,81,1165,253,112.47,1.2,0
2023-02-25,North Europe,Storage,69,657,310,101.37,1.0,1
2023-02-26,North Europe,Storage,61,1735,360,107.65,0.85,1
2023-02-27,North Europe,Storage,66,875,272,111.08,0.97,0
2023-02-28,North Europe,Storage,77,1709,251,104.84,1.12,0
2023-03-01,North Europe,Storage,83,1823,497,105.47,0.91,0
2023-03-02,North Europe,Storage,90,736,219,108.04,1.13,0
2023-03-03,North Europe,Storage,99,1038,466,107.76,1.13,0
2023-03-04,North Europe,Storage,99,1501,429,108.06,0.86,1
2023-03-05,North Europe,Storage,99,651,462,107.82,0.99,1
2023-03-06,North Europe,Storage,99,1251,250,113.23,0.81,0
2023-03-07,North Europe,Storage,99,1200,317,101.06,1.19,0
2023-03-08,North Europe,Storage,99,606,321,103.25,1.17,0
2023-03-09,North Europe,Storage,94,1346,225,111.32,0.99,0
2023-03-10,North Europe,Storage,85,1562,407,97.28,1.18,0
2023-03-11,North Europe,Storage,76,1840,305,107.28,1.05,1
2023-03-12,North Europe,Storage,57,1943,286,103.3,1.09,1
2023-03-13,North Europe,Storage,56,929,337,100.25,1.01,0
2023-03-14,North Europe,Storage,58,1811,203,109.69,0.88,0
2023-03-15,North Europe,Storage,64,1077,377,112.44,1.03,0
2023-03-16,North Europe,Storage,75,1355,322,108.57,1.04,0
2023-03-17,North Europe,Storage,88,1127,246,112.4,0.95,0
2023-03-18,North Europe,Storage,99,1541,238,105.05,0.88,1
2023-03-19,North Europe,Storage,99,867,421,102.2,0.92,1
2023-03-20,North Europe,Storage,99,982,286,101.51,0.96,0
2023-03-21,North Europe,Storage,99,618,300,103.45,1.2,0
2023-03-22,North Europe,Storage,97,1461,354,101.84,1.15,0
2023-03-23,North Europe,Storage,97,1369,379,95.48,0.85,0
2023-03-24,North Europe,Storage,91,1021,385,103.85,0.82,0
2023-03-25,North Europe,Storage,79,1321,395,102.06,1.12,1
2023-03-26,North Europe,Storage,68,733,224,103.91,0.81,1
2023-03-27,North Europe,Storage,67,823,419,95.29,0.99,0
2023-03-28,North Europe,Storage,75,1676,450,108.33,0.83,0
2023-03-29,North Europe,Storage,82,1962,465,99.05,0.95,0
2023-03-30,North Europe,Storage,92,1188,346,112.67,0.91,0
2023-03-31,North Europe,Storage,99,1196,244,106.07,1.01,0
2023-01-01,North Europe,Container,74,1616,214,110.56,1.13,1
2023-01-02,North Europe,Container,92,600,465,113.92,1.14,0
2023-01-03,North Europe,Container,99,611,387,97.47,1.01,0
2023-01-04,North Europe,Container,99,770,333,108.69,1.18,0
2023-01-05,North Europe,Container,99,1257,291,107.84,0.96,0
2023-01-06,North Europe,Container,99,1067,419,101.71,0.87,0
2023-01-07,North Europe,Container,98,1205,468,98.39,0.82,1
2023-01-08,North Europe,Container,90,1412,374,113.45,0.83,1
2023-01-09,North Europe,Container,80,1770,234,101.5,1.07,0
2023-01-10,North Europe,Container,76,1538,413,98.62,1.12,0
2023-01-11,North Europe,Container,67,1298,488,111.65,1.12,0
2023-01-12,North Europe,Container,66,1791,279,108.52,1.05,0
2023-01-13,North Europe,Container,67,1139,372,97.66,0.86,0
2023-01-14,North Europe,Container,56,663,357,113.77,0.94,1
2023-01-15,North Europe,Container,50,1214,287,109.85,0.81,1
2023-01-16,North Europe,Container,60,939,333,101.61,1.1,0
2023-01-17,North Europe,Container,72,895,311,97.61,0.98,0
2023-01-18,North Europe,Container,86,627,224,101.38,0.97,0
2023-01-19,North Europe,Container,99,1501,274,106.7,1.18,0
2023-01-20,North Europe,Container,99,745,440,102.23,0.85,0
2023-01-21,North Europe,Container,87,752,325,106.54,1.16,1
2023-01-22,North Europe,Container,81,1322,224,110.0,1.17,1
2023-01-23,North Europe,Container,79,1529,435,110.81,0.95,0
2023-01-24,North Europe,Container,68,620,321,96.35,1.13,0
2023-01-25,North Europe,Container,59,1633,229,109.3,1.03,0
2023-01-26,North Europe,Container,63,1791,208,101.18,0.92,0
2023-01-27,North Europe,Container,57,1692,446,108.25,1.12,0
2023-01-28,North Europe,Container,53,1371,308,109.4,0.91,1
2023-01-29,North Europe,Container,51,1740,466,99.41,0.86,1
2023-01-30,North Europe,Container,70,1891,236,99.78,1.1,0
2023-01-31,North Europe,Container,90,1171,478,107.41,1.12,0
2023-02-01,North Europe,Container,95,778,396,110.32,1.08,0
2023-02-02,North Europe,Container,99,808,329,114.3,0.97,0
2023-02-03,North Europe,Container,99,1297,298,103.55,1.06,0
2023-02-04,North Europe,Container,99,1555,343,111.24,1.13,1
2023-02-05,North Europe,Container,99,782,469,98.66,1.18,1
2023-02-06,North Europe,Container,99,1767,310,100.35,1.12,0
2023-02-07,North Europe,Container,99,1194,241,105.92,1.17,0
2023-02-08,North Europe,Container,99,1147,205,108.81,1.18,0
2023-02-09,North Europe,Container,99,1285,351,99.63,0.9,0
2023-02-10,North Europe,Container,93,1698,365,95.1,0.98,0
2023-02-11,North Europe,Container,75,1845,378,113.91,0.93,1
2023-02-12,North Europe,Container,67,1935,395,107.5,1.06,1
2023-02-13,North Europe,Container,66,600,418,99.35,0.84,0
2023-02-14,North Europe,Container,69,1921,377,103.04,1.03,0
2023-02-15,North Europe,Container,69,823,202,109.19,0.84,0
2023-02-16,North Europe,Container,86,1876,294,112.59,1.09,0
2023-02-17,North Europe,Container,96,1317,278,114.23,1.07,0
2023-02-18,North Europe,Container,99,986,389,113.84,0.92,1
2023-02-19,North Europe,Container,99,1879,421,113.23,0.89,1
2023-02-20,North Europe,Container,99,1705,391,105.16,0.86,0
2023-02-21,North Europe,Container,99,1717,292,104.36,0.96,0
2023-02-22,North Europe,Container,99,1538,472,100.54,0.82,0
2023-02-23,North Europe,Container,98,1461,280,114.91,0.97,0
2023-02-24,North Europe,Container,97,1788,400,103.37,0.89,0
2023-02-25,North Europe,Container,86,756,450,96.35,1.09,1
2023-02-26,North Europe,Container,76,815,331,105.25,0.94,1
2023-02-27,North Europe,Container,70,883,305,97.21,0.81,0
2023-02-28,North Europe,Container,73,1641,381,101.82,0.98,0
2023-03-01,North Europe,Container,93,1702,345,112.32,0.8,0
2023-03-02,North Europe,Container,99,670,447,101.41,1.02,0
2023-03-03,North Europe,Container,99,1691,251,112.26,0.91,0
2023-03-04,North Europe,Container,99,1921,383,111.38,0.93,1
2023-03-05,North Europe,Container,97,1135,282,103.56,0.82,1
2023-03-06,North Europe,Container,99,1588,221,114.55,1.12,0
2023-03-07,North Europe,Container,99,1781,311,109.18,1.2,0
2023-03-08,North Europe,Container,94,1830,309,113.32,1.09,0
2023-03-09,North Europe,Container,84,1737,397,96.56,1.18,0
2023-03-10,North Europe,Container,78,1091,260,104.66,0.88,0
2023-03-11,North Europe,Container,63,1134,380,100.68,0.92,1
2023-03-12,North Europe,Container,50,1189,215,98.2,1.08,1
2023-03-13,North Europe,Container,50,1084,339,110.93,1.1,0
2023-03-14,North Europe,Container,56,1100,257,96.75,0.95,0
2023-03-15,North Europe,Container,65,1060,243,114.39,1.09,0
2023-03-16,North Europe,Container,80,1842,384,109.12,1.0,0
2023-03-17,North Europe,Container,99,1405,318,104.55,0.99,0
2023-03-18,North Europe,Container,99,1012,233,104.01,1.01,1
2023-03-19,North Europe,Container,99,886,281,113.48,1.13,1
2023-03-20,North Europe,Container,99,1117,302,107.38,1.13,0
2023-03-21,North Europe,Container,99,1555,408,103.52,1.19,0
2023-03-22,North Europe,Container,99,655,407,108.92,0.95,0
2023-03-23,North Europe,Container,98,786,329,102.56,1.01,0
2023-03-24,North Europe,Container,91,1043,477,96.45,1.03,0
2023-03-25,North Europe,Container,80,775,316,102.74,0.83,1
2023-03-26,North Europe,Container,63,1256,415,113.22,0.8,1
2023-03-27,North Europe,Container,63,1435,472,98.23,1.19,0
2023-03-28,North Europe,Container,64,1260,382,100.65,0.83,0
2023-03-29,North Europe,Container,77,700,244,101.56,0.95,0
2023-03-30,North Europe,Container,95,1961,246,112.62,0.82,0
2023-03-31,North Europe,Container,99,1596,446,109.88,1.17,0
2023-01-01,Southeast Asia,VM,67,937,380,98.81,1.17,1
2023-01-02,Southeast Asia,VM,81,1187,376,101.24,1.09,0
2023-01-03,Southeast Asia,VM,99,1931,317,107.46,1.1,0
2023-01-04,Southeast Asia,VM,99,1752,248,95.4,0.83,0
2023-01-05,Southeast Asia,VM,99,1086,333,107.69,0.87,0
2023-01-06,Southeast Asia,VM,99,689,398,104.69,0.81,0
2023-01-07,Southeast Asia,VM,92,667,452,102.92,1.05,1
2023-01-08,Southeast Asia,VM,87,1329,243,105.71,1.05,1
2023-01-09,Southeast Asia,VM,91,1260,265,95.44,0.94,0
2023-01-10,Southeast Asia,VM,78,903,329,98.06,1.09,0
2023-01-11,Southeast Asia,VM,77,1945,299,103.37,0.92,0
2023-01-12,Southeast Asia,VM,78,1815,477,97.16,1.14,0
2023-01-13,Southeast Asia,VM,83,1694,247,106.68,0.88,0
2023-01-14,Southeast Asia,VM,73,742,391,111.55,1.1,1
2023-01-15,Southeast Asia,VM,73,692,216,105.36,1.1,1
2023-01-16,Southeast Asia,VM,91,1071,234,101.13,0.91,0
2023-01-17,Southeast Asia,VM,99,718,437,105.64,1.13,0
2023-01-18,Southeast Asia,VM,99,1482,456,106.29,1.04,0
2023-01-19,Southeast Asia,VM,99,813,320,114.4,1.09,0
2023-01-20,Southeast Asia,VM,99,1465,461,98.84,1.07,0
2023-01-21,Southeast Asia,VM,99,1440,201,105.57,0.93,1
2023-01-22,Southeast Asia,VM,89,811,311,98.72,0.83,1
2023-01-23,Southeast Asia,VM,83,1580,348,97.74,0.83,0
2023-01-24,Southeast Asia,VM,83,1504,328,109.49,1.13,0
2023-01-25,Southeast Asia,VM,82,1998,344,107.47,0.83,0
2023-01-26,Southeast Asia,VM,73,1871,269,107.28,0.89,0
2023-01-27,Southeast Asia,VM,70,1331,443,111.75,0.9,0
2023-01-28,Southeast Asia,VM,58,1803,231,114.62,0.99,1
2023-01-29,Southeast Asia,VM,63,831,486,95.9,0.98,1
2023-01-30,Southeast Asia,VM,79,1528,428,95.8,0.98,0
2023-01-31,Southeast Asia,VM,99,1221,453,101.31,0.84,0
2023-02-01,Southeast Asia,VM,99,1035,376,114.33,1.19,0
2023-02-02,Southeast Asia,VM,99,1665,409,104.11,0.99,0
2023-02-03,Southeast Asia,VM,99,1432,339,113.49,0.82,0
2023-02-04,Southeast Asia,VM,99,604,381,99.99,0.94,1
2023-02-05,Southeast Asia,VM,99,1873,454,96.99,0.81,1
2023-02-06,Southeast Asia,VM,99,1581,457,95.21,0.96,0
2023-02-07,Southeast Asia,VM,99,1774,453,110.33,0.96,0
2023-02-08,Southeast Asia,VM,99,1953,368,97.63,0.92,0
2023-02-09,Southeast Asia,VM,99,854,342,98.68,1.1,0
2023-02-10,Southeast Asia,VM,92,625,350,101.52,0.99,0
2023-02-11,Southeast Asia,VM,76,1767,388,114.72,1.14,1
2023-02-12,Southeast Asia,VM,68,899,289,111.33,1.15,1
2023-02-13,Southeast Asia,VM,64,1549,443,102.76,1.13,0
2023-02-14,Southeast Asia,VM,76,1665,380,101.64,1.08,0
2023-02-15,Southeast Asia,VM,82,1277,460,102.98,0.9,0
2023-02-16,Southeast Asia,VM,86,700,208,112.39,0.87,0
2023-02-17,Southeast Asia,VM,97,1371,454,103.89,1.1,0
2023-02-18,Southeast Asia,VM,93,1790,417,97.36,1.18,1
2023-02-19,Southeast Asia,VM,99,1713,248,101.78,1.12,1
2023-02-20,Southeast Asia,VM,99,1435,398,100.13,1.17,0
2023-02-21,Southeast Asia,VM,99,1862,367,101.21,1.01,0
2023-02-22,Southeast Asia,VM,99,1073,279,105.72,1.09,0
2023-02-23,Southeast Asia,VM,96,1077,394,108.94,0.83,0
2023-02-24,Southeast Asia,VM,96,1416,275,105.99,0.97,0
2023-02-25,Southeast Asia,VM,83,1869,283,96.09,1.19,1
2023-02-26,Southeast Asia,VM,70,1609,236,112.16,0.92,1
2023-02-27,Southeast Asia,VM,69,1467,218,104.43,0.89,0
2023-02-28,Southeast Asia,VM,69,1145,393,101.86,1.2,0
2023-03-01,Southeast Asia,VM,78,1052,209,109.19,1.19,0
2023-03-02,Southeast Asia,VM,95,684,229,95.79,0.81,0
2023-03-03,Southeast Asia,VM,99,1078,495,103.57,0.81,0
2023-03-04,Southeast Asia,VM,99,820,242,105.71,0.99,1
2023-03-05,Southeast Asia,VM,99,1496,270,101.72,1.05,1
2023-03-06,Southeast Asia,VM,99,1293,224,114.18,0.86,0
2023-03-07,Southeast Asia,VM,99,618,392,106.75,1.13,0
2023-03-08,Southeast Asia,VM,88,1776,326,102.16,0.83,0
2023-03-09,Southeast Asia,VM,90,1991,397,101.7,1.03,0
2023-03-10,Southeast Asia,VM,89,1640,482,100.15,0.98,0
2023-03-11,Southeast Asia,VM,79,1022,445,105.76,1.01,1
2023-03-12,Southeast Asia,VM,64,803,395,107.06,0.89,1
2023-03-13,Southeast Asia,VM,67,1769,256,108.36,0.85,0
2023-03-14,Southeast Asia,VM,74,1902,408,112.91,0.81,0
2023-03-15,Southeast Asia,VM,73,1394,410,101.76,1.08,0
2023-03-16,Southeast Asia,VM,83,1670,295,107.97,1.0,0
2023-03-17,Southeast Asia,VM,97,1650,419,112.27,0.86,0
2023-03-18,Southeast Asia,VM,99,1421,453,108.2,0.96,1
2023-03-19,Southeast Asia,VM,98,992,400,99.88,1.19,1
2023-03-20,Southeast Asia,VM,99,1559,403,98.21,0.87,0
2023-03-21,Southeast Asia,VM,99,1492,365,97.13,1.13,0
2023-03-22,Southeast Asia,VM,96,1974,339,113.97,1.08,0
2023-03-23,Southeast Asia,VM,95,1062,307,114.67,0.9,0
2023-03-24,Southeast Asia,VM,95,1875,318,95.16,1.0,0
2023-03-25,Southeast Asia,VM,77,925,377,103.35,0.92,1
2023-03-26,Southeast Asia,VM,66,1108,292,101.96,1.05,1
2023-03-27,Southeast Asia,VM,67,1854,287,99.78,0.89,0
2023-03-28,Southeast Asia,VM,69,1316,410,97.79,1.15,0
2023-03-29,Southeast Asia,VM,84,923,367,109.33,0.94,0
2023-03-30,Southeast Asia,VM,88,1060,340,102.19,1.07,0
2023-03-31,Southeast Asia,VM,99,1369,448,110.55,0.89,0
2023-01-01,Southeast Asia,Storage,68,1730,426,111.32,1.19,1
2023-01-02,Southeast Asia,Storage,94,1569,256,110.04,1.03,0
2023-01-03,Southeast Asia,Storage,99,1116,417,106.59,1.16,0
2023-01-04,Southeast Asia,Storage,99,761,266,96.02,0.89,0
2023-01-05,Southeast Asia,Storage,99,1046,219,101.46,0.9,0
2023-01-06,Southeast Asia,Storage,99,994,290,107.42,0.92,0
2023-01-07,Southeast Asia,Storage,98,1958,451,95.78,1.0,1
2023-01-08,Southeast Asia,Storage,92,1862,332,95.69,1.06,1
2023-01-09,Southeast Asia,Storage,85,1078,337,100.3,0.97,0
2023-01-10,Southeast Asia,Storage,76,1113,368,100.34,1.16,0
2023-01-11,Southeast Asia,Storage,70,1259,479,107.86,0.93,0
2023-01-12,Southeast Asia,Storage,69,1164,386,102.7,1.18,0
2023-01-13,Southeast Asia,Storage,72,753,247,97.25,1.09,0
2023-01-14,Southeast Asia,Storage,61,778,238,114.95,0.91,1
2023-01-15,Southeast Asia,Storage,60,696,402,109.51,1.13,1
2023-01-16,Southeast Asia,Storage,80,1210,490,108.0,1.19,0
2023-01-17,Southeast Asia,Storage,99,1302,250,96.94,0.83,0
2023-01-18,Southeast Asia,Storage,99,1376,457,104.27,1.11,0
2023-01-19,Southeast Asia,Storage,99,1437,376,114.62,1.06,0
2023-01-20,Southeast Asia,Storage,99,1969,429,101.14,0.82,0
2023-01-21,Southeast Asia,Storage,88,1255,456,95.24,0.86,1
2023-01-22,Southeast Asia,Storage,81,1037,354,111.43,0.9,1
2023-01-23,Southeast Asia,Storage,77,1055,463,103.92,1.07,0
2023-01-24,Southeast Asia,Storage,68,1613,447,95.98,1.14,0
2023-01-25,Southeast Asia,Storage,58,1894,293,110.13,1.03,0
2023-01-26,Southeast Asia,Storage,53,1485,236,96.14,1.04,0
2023-01-27,Southeast Asia,Storage,50,613,424,105.83,0.91,0
2023-01-28,Southeast Asia,Storage,50,1587,419,109.31,1.07,1
2023-01-29,Southeast Asia,Storage,52,1472,482,108.88,0.92,1
2023-01-30,Southeast Asia,Storage,72,1441,352,97.11,1.13,0
2023-01-31,Southeast Asia,Storage,94,1425,281,111.69,0.82,0
2023-02-01,Southeast Asia,Storage,99,1991,411,107.81,0.93,0
2023-02-02,Southeast Asia,Storage,99,645,415,99.71,1.0,0
2023-02-03,Southeast Asia,Storage,99,1139,215,110.07,0.9,0
2023-02-04,Southeast Asia,Storage,99,1304,417,101.19,0.98,1
2023-02-05,Southeast Asia,Storage,99,1577,302,113.12,0.82,1
2023-02-06,Southeast Asia,Storage,99,606,248,112.92,0.84,0
2023-02-07,Southeast Asia,Storage,99,1054,331,105.91,1.07,0
2023-02-08,Southeast Asia,Storage,92,1811,255,96.42,1.13,0
2023-02-09,Southeast Asia,Storage,81,1194,264,97.14,0.97,0
2023-02-10,Southeast Asia,Storage,75,956,380,105.9,0.83,0
2023-02-11,Southeast Asia,Storage,58,1513,221,99.59,0.89,1
2023-02-12,Southeast Asia,Storage,50,1866,272,103.5,0.94,1
2023-02-13,Southeast Asia,Storage,50,1470,201,97.14,1.11,0
2023-02-14,Southeast Asia,Storage,58,739,228,103.6,0.98,0
2023-02-15,Southeast Asia,Storage,64,1729,231,113.82,0.87,0
2023-02-16,Southeast Asia,Storage,80,1528,299,112.51,0.91,0
2023-02-17,Southeast Asia,Storage,89,1281,356,108.61,0.92,0
2023-02-18,Southeast Asia,Storage,93,1854,407,113.71,1.19,1
2023-02-19,Southeast Asia,Storage,96,701,409,113.25,0.87,1
2023-02-20,Southeast Asia,Storage,99,1715,251,113.32,1.0,0
2023-02-21,Southeast Asia,Storage,99,1526,244,114.29,0.87,0
2023-02-22,Southeast Asia,Storage,97,803,228,111.32,0.95,0
2023-02-23,Southeast Asia,Storage,91,661,202,107.59,0.97,0
2023-02-24,Southeast Asia,Storage,90,1408,371,97.41,1.03,0
2023-02-25,Southeast Asia,Storage,79,657,305,109.17,1.09,1
2023-02-26,Southeast Asia,Storage,61,1596,485,96.41,0.94,1
2023-02-27,Southeast Asia,Storage,62,625,325,112.18,0.94,0
2023-02-28,Southeast Asia,Storage,66,1315,210,107.6,0.97,0
2023-03-01,Southeast Asia,Storage,72,854,229,105.12,0.87,0
2023-03-02,Southeast Asia,Storage,89,1318,410,95.17,0.81,0
2023-03-03,Southeast Asia,Storage,99,1281,366,109.93,0.86,0
2023-03-04,Southeast Asia,Storage,99,1127,478,102.66,0.87,1
2023-03-05,Southeast Asia,Storage,91,1564,376,103.31,0.9,1
2023-03-06,Southeast Asia,Storage,99,1390,434,109.02,0.82,0
2023-03-07,Southeast Asia,Storage,99,1528,353,103.83,0.85,0
2023-03-08,Southeast Asia,Storage,98,649,365,95.01,1.04,0
2023-03-09,Southeast Asia,Storage,99,1045,385,113.3,0.93,0
2023-03-10,Southeast Asia,Storage,97,1722,477,112.97,0.98,0
2023-03-11,Southeast Asia,Storage,81,850,208,98.29,0.96,1
2023-03-12,Southeast Asia,Storage,70,1657,490,105.35,0.83,1
2023-03-13,Southeast Asia,Storage,63,922,409,114.32,0.87,0
2023-03-14,Southeast Asia,Storage,71,1205,328,108.47,1.05,0
2023-03-15,Southeast Asia,Storage,76,1543,223,102.79,1.09,0
2023-03-16,Southeast Asia,Storage,91,1530,342,103.22,0.89,0
2023-03-17,Southeast Asia,Storage,99,1369,351,95.14,1.07,0
2023-03-18,Southeast Asia,Storage,99,1818,455,107.33,0.82,1
2023-03-19,Southeast Asia,Storage,99,1405,286,97.68,0.85,1
2023-03-20,Southeast Asia,Storage,99,1614,243,104.68,1.16,0
2023-03-21,Southeast Asia,Storage,99,1325,414,112.0,0.92,0
2023-03-22,Southeast Asia,Storage,93,1272,293,102.99,1.19,0
2023-03-23,Southeast Asia,Storage,99,1753,304,95.29,0.82,0
2023-03-24,Southeast Asia,Storage,98,1291,219,104.98,0.83,0
2023-03-25,Southeast Asia,Storage,93,1527,225,104.71,0.86,1
2023-03-26,Southeast Asia,Storage,82,612,247,98.14,1.18,1
2023-03-27,Southeast Asia,Storage,83,1828,384,111.07,1.13,0
2023-03-28,Southeast Asia,Storage,90,1727,445,112.33,1.01,0
2023-03-29,Southeast Asia,Storage,99,1483,404,112.07,1.14,0
2023-03-30,Southeast Asia,Storage,99,1248,377,107.46,0.94,0
2023-03-31,Southeast Asia,Storage,99,1430,413,101.4,1.11,0
2023-01-01,Southeast Asia,Container,65,1052,259,100.78,0.98,1
2023-01-02,Southeast Asia,Container,73,1356,469,106.63,0.83,0
2023-01-03,Southeast Asia,Container,81,1602,385,105.71,0.96,0
2023-01-04,Southeast Asia,Container,99,1188,350,101.77,0.82,0
2023-01-05,Southeast Asia,Container,99,616,218,99.77,1.12,0
2023-01-06,Southeast Asia,Container,99,1441,401,110.46,0.84,0
2023-01-07,Southeast Asia,Container,96,821,279,108.79,1.15,1
2023-01-08,Southeast Asia,Container,85,1402,440,108.45,0.93,1
2023-01-09,Southeast Asia,Container,79,1757,482,110.19,0.88,0
2023-01-10,Southeast Asia,Container,73,1592,254,106.27,0.88,0
2023-01-11,Southeast Asia,Container,70,1805,398,102.05,1.09,0
2023-01-12,Southeast Asia,Container,66,1217,423,98.57,1.0,0
2023-01-13,Southeast Asia,Container,66,937,236,109.05,1.06,0
2023-01-14,Southeast Asia,Container,61,652,434,114.99,1.12,1
2023-01-15,Southeast Asia,Container,68,1198,214,100.69,0.95,1
2023-01-16,Southeast Asia,Container,89,1987,329,107.41,1.06,0
2023-01-17,Southeast Asia,Container,99,658,289,105.66,0.99,0
2023-01-18,Southeast Asia,Container,99,1621,249,95.55,0.96,0
2023-01-19,Southeast Asia,Container,99,1534,277,105.11,1.07,0
2023-01-20,Southeast Asia,Container,99,1638,410,108.31,1.0,0
2023-01-21,Southeast Asia,Container,95,1445,208,99.09,1.03,1
2023-01-22,Southeast Asia,Container,90,1567,442,100.59,0.95,1
2023-01-23,Southeast Asia,Container,91,1006,334,97.2,0.96,0
2023-01-24,Southeast Asia,Container,84,1906,428,97.02,0.88,0
2023-01-25,Southeast Asia,Container,81,873,243,96.87,1.18,0
2023-01-26,Southeast Asia,Container,83,1345,362,110.35,1.17,0
2023-01-27,Southeast Asia,Container,82,879,335,104.93,0.85,0
2023-01-28,Southeast Asia,Container,70,860,485,105.4,1.03,1
2023-01-29,Southeast Asia,Container,60,1813,252,97.43,1.19,1
2023-01-30,Southeast Asia,Container,80,1630,429,113.23,1.02,0
2023-01-31,Southeast Asia,Container,88,1863,462,108.32,0.89,0
2023-02-01,Southeast Asia,Container,94,1120,314,107.13,0.87,0
2023-02-02,Southeast Asia,Container,99,1392,238,98.48,0.93,0
2023-02-03,Southeast Asia,Container,99,1610,346,107.39,1.07,0
2023-02-04,Southeast Asia,Container,99,938,485,105.39,0.88,1
2023-02-05,Southeast Asia,Container,99,1315,461,96.95,0.92,1
2023-02-06,Southeast Asia,Container,99,1312,457,104.06,1.13,0
2023-02-07,Southeast Asia,Container,99,1629,435,105.82,1.12,0
2023-02-08,Southeast Asia,Container,99,1099,488,103.89,0.86,0
2023-02-09,Southeast Asia,Container,91,897,297,101.06,1.1,0
2023-02-10,Southeast Asia,Container,81,1541,351,102.43,0.81,0
2023-02-11,Southeast Asia,Container,67,1759,418,95.27,0.95,1
2023-02-12,Southeast Asia,Container,57,1784,374,104.68,1.09,1
2023-02-13,Southeast Asia,Container,50,1736,404,106.54,1.06,0
2023-02-14,Southeast Asia,Container,54,1744,340,105.91,0.94,0
2023-02-15,Southeast Asia,Container,66,1635,376,95.75,1.09,0
2023-02-16,Southeast Asia,Container,95,817,405,109.9,0.87,0
2023-02-17,Southeast Asia,Container,99,1397,467,99.95,1.06,0
2023-02-18,Southeast Asia,Container,99,1307,279,112.36,0.97,1
2023-02-19,Southeast Asia,Container,99,791,302,105.36,0.82,1
2023-02-20,Southeast Asia,Container,99,839,289,105.81,0.98,0
2023-02-21,Southeast Asia,Container,99,1915,351,113.12,1.02,0
2023-02-22,Southeast Asia,Container,99,822,431,105.07,1.13,0
2023-02-23,Southeast Asia,Container,99,1893,352,95.79,1.1,0
2023-02-24,Southeast Asia,Container,98,1267,498,95.56,0.9,0
2023-02-25,Southeast Asia,Container,81,661,308,100.32,1.13,1
2023-02-26,Southeast Asia,Container,65,1675,290,107.68,0.86,1
2023-02-27,Southeast Asia,Container,57,1351,335,103.81,1.14,0
2023-02-28,Southeast Asia,Container,64,1737,219,114.2,1.06,0
2023-03-01,Southeast Asia,Container,74,1804,304,109.96,0.88,0
2023-03-02,Southeast Asia,Container,83,678,272,101.22,1.15,0
2023-03-03,Southeast Asia,Container,99,1574,423,100.39,1.15,0
2023-03-04,Southeast Asia,Container,99,781,448,98.14,1.18,1
2023-03-05,Southeast Asia,Container,99,1355,285,109.7,0.9,1
2023-03-06,Southeast Asia,Container,99,1181,332,102.57,1.18,0
2023-03-07,Southeast Asia,Container,99,1815,207,109.46,0.81,0
2023-03-08,Southeast Asia,Container,99,1954,303,103.62,0.92,0
2023-03-09,Southeast Asia,Container,96,1489,312,95.66,1.0,0
2023-03-10,Southeast Asia,Container,92,1300,330,99.61,1.07,0
2023-03-11,Southeast Asia,Container,77,644,307,102.13,0.9,1
2023-03-12,Southeast Asia,Container,57,1437,389,108.0,1.1,1
2023-03-13,Southeast Asia,Container,69,803,412,109.55,1.05,0
2023-03-14,Southeast Asia,Container,65,902,461,97.25,0.91,0
2023-03-15,Southeast Asia,Container,75,1288,436,100.98,0.96,0
2023-03-16,Southeast Asia,Container,83,1136,326,105.49,1.19,0
2023-03-17,Southeast Asia,Container,98,610,211,108.17,0.91,0
2023-03-18,Southeast Asia,Container,99,1194,428,96.05,1.11,1
2023-03-19,Southeast Asia,Container,99,1588,327,107.61,1.1,1
2023-03-20,Southeast Asia,Container,99,795,228,110.85,0.87,0
2023-03-21,Southeast Asia,Container,99,1561,496,113.03,1.17,0
2023-03-22,Southeast Asia,Container,94,1474,393,107.14,0.88,0
2023-03-23,Southeast Asia,Container,82,1776,424,106.18,1.0,0
2023-03-24,Southeast Asia,Container,72,1080,251,100.17,0.81,0
2023-03-25,Southeast Asia,Container,50,1204,344,101.47,0.87,1
2023-03-26,Southeast Asia,Container,50,1629,348,106.2,0.95,1
2023-03-27,Southeast Asia,Container,50,1067,360,96.57,1.15,0
2023-03-28,Southeast Asia,Container,52,1231,419,113.51,1.0,0
2023-03-29,Southeast Asia,Container,63,1197,323,105.04,0.98,0
2023-03-30,Southeast Asia,Container,72,1329,276,110.81,0.98,0
2023-03-31,Southeast Asia,Container,79,1942,293,102.81,1.16,0
